Event,Date,Content Pillar,Content Type,Social Media Link
Itheum's Yearly Recap,02/01/2023,Ecosystem,Blog,https://twitter.com/itheum/status/1609889985208926209
X-Day Conversations Ep 3,09/01/2023,Community,Youtube Interview,https://twitter.com/itheum/status/1612433036561235969
Data NFTs:Live on Devnet,16/01/2023,Tech News,Twitter,https://twitter.com/itheum/status/1614975031460696072
TB Quest 1,19/06/2023,Community,Quest,https://docs.google.com/forms/d/1ne8LXgq3rD8LVi4wPT_dptYhSBfzxNqc8sX9DfqqeEc/edit






